"sulfite,shortwave x","sulfite,shortwave y","sulfite,longwave x","sulfite,longwave y","bisulfite,shortwave x","bisulfite,shortwave y","bisulfite, longwave x","bisulfite, longwave y"
2.499423217600E2,4.181765144484E0,2.595628145911E2,1.072828101720E0,2.061224314959E2,5.688307950204E1,2.236016444245E2,1.011189036816E0
2.497360519075E2,4.220798309615E0,2.593558876261E2,1.087880340851E0,2.061211172709E2,5.741364932214E1,2.236003301995E2,1.020620776273E0
2.497347376825E2,4.260167278726E0,2.593545734011E2,1.098027408868E0,2.061198030459E2,5.794916796599E1,2.234965381607E2,1.030143939314E0
2.497334234574E2,4.299903456979E0,2.593532591761E2,1.108269122396E0,2.061184888209E2,5.848968159310E1,2.234952239357E2,1.039752478256E0
2.495271536049E2,4.340039341201E0,2.591469893235E2,1.118613857255E0,2.059122189683E2,5.903563224341E1,2.234939097107E2,1.049450639646E0
2.495258393799E2,4.380520516142E0,2.591456750985E2,1.129047588308E0,2.059109047433E2,5.958627973038E1,2.234925954857E2,1.059239259424E0
2.495245251549E2,4.421379274187E0,2.590418830597E2,1.139582455435E0,2.059095905183E2,6.014206331303E1,2.234231817556E2,1.067468534695E0
2.493182553023E2,4.462649030224E0,2.589380910209E2,1.150215620832E0,2.059082762933E2,6.070303089762E1,2.232850114081E2,1.079098485312E0
2.493169410773E2,4.504273831727E0,2.589367767959E2,1.160944113388E0,2.058044842545E2,6.126943604414E1,2.232836971831E2,1.089163641668E0
2.493156268523E2,4.546286883368E0,2.588329847571E2,1.171776599195E0,2.057006922157E2,6.184112617865E1,2.232823829581E2,1.099322679513E0
2.491093569997E2,4.588722544033E0,2.587291927184E2,1.182710160280E0,2.056993779907E2,6.241794155994E1,2.232810687331E2,1.109576474516E0
2.491080427747E2,4.631523280491E0,2.587278784933E2,1.193741741595E0,2.056980637657E2,6.300013711466E1,2.232116550030E2,1.118196821770E0
2.491067285497E2,4.674723235473E0,2.587265642683E2,1.204876218607E0,2.056967495407E2,6.358776302570E1,2.230734846555E2,1.130379451417E0
2.490373148197E2,4.711041360934E0,2.585202944158E2,1.216122697254E0,2.055929575019E2,6.418108490272E1,2.230721704305E2,1.140922924580E0
2.488991444721E2,4.762367631078E0,2.585189801908E2,1.227465929835E0,2.054891654631E2,6.477994292118E1,2.230708562055E2,1.151564740673E0
2.488978302471E2,4.806788020400E0,2.585176659658E2,1.238914965001E0,2.054878512381E2,6.538416974861E1,2.230695419804E2,1.162305816976E0
2.488284165171E2,4.844132162843E0,2.584138739270E2,1.250474977769E0,2.054865370131E2,6.599403242632E1,2.230001282504E2,1.171335820756E0
2.486902461696E2,4.896908442429E0,2.583100818882E2,1.262142854192E0,2.054852227880E2,6.660958352199E1,2.228619579029E2,1.184097393869E0
2.486889319446E2,4.942583744366E0,2.583087676632E2,1.273915334039E0,2.052789529355E2,6.723132644228E1,2.228606436779E2,1.195141914432E0
2.486195182145E2,4.980982889617E0,2.582049756244E2,1.285801926698E0,2.052776387105E2,6.785841824336E1,2.228593294528E2,1.206289451381E0
2.484813478670E2,5.035250142606E0,2.581011835856E2,1.297799430248E0,2.052763244855E2,6.849135916490E1,2.228580152278E2,1.217540965589E0
2.484800336420E2,5.082215809474E0,2.580998693606E2,1.309904492355E0,2.052750102604E2,6.913020376384E1,2.228567010028E2,1.228897426891E0
2.484787194170E2,5.129619542735E0,2.579960773218E2,1.322126891055E0,2.052736960354E2,6.977500710599E1,2.226504311503E2,1.240368122766E0
2.482724495644E2,5.177500109853E0,2.578922852830E2,1.334463333970E0,2.050674261829E2,7.042629652094E1,2.226491169252E2,1.251937501525E0
2.482711353394E2,5.225792595526E0,2.578909710580E2,1.346910374061E0,2.050661119579E2,7.108318900642E1,2.226478027002E2,1.263614792220E0
2.482698211144E2,5.274535523328E0,2.578896568330E2,1.359473512363E0,2.050647977328E2,7.174620857452E1,2.226464884752E2,1.275401001386E0
2.480635512618E2,5.323768755936E0,2.576833869805E2,1.372163023196E0,2.050634835078E2,7.241541237484E1,2.226451742502E2,1.287297144945E0
2.480622370368E2,5.373425544138E0,2.576820727555E2,1.384961702429E0,2.049596914691E2,7.309110289060E1,2.224389043977E2,1.299312951739E0
2.480609228118E2,5.423545499831E0,2.576807585304E2,1.397879759745E0,2.048558994303E2,7.377309810945E1,2.224375901726E2,1.311432131029E0
2.478546529593E2,5.474169611844E0,2.574744886779E2,1.410927759719E0,2.048545852053E2,7.446120746877E1,2.224362759476E2,1.323664350450E0
2.478533387343E2,5.525229245247E0,2.574731744529E2,1.424088012191E0,2.048532709802E2,7.515573508221E1,2.224349617226E2,1.336010664371E0
2.478520245092E2,5.576765131003E0,2.574718602279E2,1.437371015275E0,2.048519567552E2,7.585674081523E1,2.224336474976E2,1.348472136993E0
2.476457546567E2,5.628819415913E0,2.572655903753E2,1.450787632004E0,2.047481647164E2,7.656454152567E1,2.222273776450E2,1.361058959490E0
2.476444404317E2,5.681321526049E0,2.572642761503E2,1.464319672457E0,2.046443726777E2,7.727894655157E1,2.222260634200E2,1.373754066956E0
2.476431262067E2,5.734313343061E0,2.572629619253E2,1.477977931328E0,2.046430584526E2,7.799975627440E1,2.222247491950E2,1.386567586451E0
2.474368563541E2,5.787838204429E0,2.571591698865E2,1.491768582212E0,2.046417442276E2,7.872728925991E1,2.222234349700E2,1.399500622450E0
2.474355421291E2,5.841823542456E0,2.570553778477E2,1.505687910290E0,2.046404300026E2,7.946160821847E1,2.222221207450E2,1.412554289727E0
2.474342279041E2,5.896312421981E0,2.570540636227E2,1.519732026232E0,2.044341601501E2,8.020331368686E1,2.220158508924E2,1.425739263761E0
2.472279580515E2,5.951349404805E0,2.569502715839E2,1.533912274372E0,2.044328459250E2,8.095140007893E1,2.220145366674E2,1.439037668688E0
2.472266438265E2,6.006859873133E0,2.568464795452E2,1.548224834942E0,2.044315317000E2,8.170646415340E1,2.220132224424E2,1.452460112825E0
2.472253296015E2,6.062888108421E0,2.568451653201E2,1.562665708737E0,2.044302174750E2,8.246857099373E1,2.220119082174E2,1.466007753134E0
2.471559158715E2,6.109990946361E0,2.568438510951E2,1.577241277979E0,2.043264254362E2,8.323806507575E1,2.220105939923E2,1.479681757367E0
2.470177455240E2,6.176558616196E0,2.566375812426E2,1.591963462781E0,2.042226333974E2,8.401473911899E1,2.219068019536E2,1.493488306236E0
2.470164312989E2,6.234169695318E0,2.566362670176E2,1.606812303165E0,2.042213191724E2,8.479837610579E1,2.218030099148E2,1.507423680638E0
2.469470175689E2,6.282603227258E0,2.566349527925E2,1.621799644253E0,2.042200049474E2,8.558932236871E1,2.218016956898E2,1.521483986761E0
2.468088472214E2,6.351051488639E0,2.564286829400E2,1.636937742911E0,2.042186907224E2,8.638764608412E1,2.218003814648E2,1.535675438635E0
2.468075329964E2,6.410290128237E0,2.564273687150E2,1.652206075276E0,2.041148986836E2,8.719370809806E1,2.217990672397E2,1.549999259503E0
2.467381192663E2,6.460091947379E0,2.564260544900E2,1.667616821104E0,2.040111066448E2,8.800729127965E1,2.216952752010E2,1.564461923800E0
2.465999489188E2,6.530473928569E0,2.562197846374E2,1.683182583529E0,2.040097924198E2,8.882816829811E1,2.215914831622E2,1.579059535683E0
2.465986346938E2,6.591386108567E0,2.562184704124E2,1.698882258869E0,2.040084781948E2,8.965670194444E1,2.215901689372E2,1.593788016298E0
2.465973204688E2,6.652866439317E0,2.562171561874E2,1.714728370971E0,2.039046861560E2,9.049326671970E1,2.215888547121E2,1.608653874977E0
2.463910506162E2,6.714965200330E0,2.561133641486E2,1.730728082350E0,2.038008941172E2,9.133763727644E1,2.215875404871E2,1.623658393096E0
2.463897363912E2,6.777598199625E0,2.560095721098E2,1.746877083125E0,2.037995798922E2,9.218957768127E1,2.214837484483E2,1.638808352767E0
2.463884221662E2,6.840815400399E0,2.560082578848E2,1.763170860956E0,2.037982656672E2,9.304946445382E1,2.213799564096E2,1.654099673010E0
2.461821523136E2,6.904668502601E0,2.559044658460E2,1.779622577371E0,2.037969514422E2,9.391737171286E1,2.213786421845E2,1.669528081134E0
2.461808380886E2,6.969070935757E0,2.558006738073E2,1.796227800731E0,2.036931594034E2,9.479369175649E1,2.213773279595E2,1.685100395809E0
2.461795238636E2,7.034074074564E0,2.557993595822E2,1.812981891217E0,2.035893673646E2,9.567818852830E1,2.213760137345E2,1.700817959304E0
2.459732540111E2,7.099731079539E0,2.557980453572E2,1.829892253389E0,2.035880531396E2,9.657061488285E1,2.213746995095E2,1.716682126410E0
2.459719397861E2,7.165952934521E0,2.555917755047E2,1.846972716789E0,2.035867389146E2,9.747136523277E1,2.211684296569E2,1.732705871073E0
2.459706255610E2,7.232792465584E0,2.555904612797E2,1.864200124143E0,2.034829468758E2,9.838084672140E1,2.211671154319E2,1.748867468693E0
2.457643557085E2,7.300304335073E0,2.555891470546E2,1.881588217986E0,2.033791548370E2,9.929881435955E1,2.211658012069E2,1.765179811597E0
2.457630414835E2,7.368397012046E0,2.553828772021E2,1.899151218558E0,2.033778406120E2,1.002250116494E2,2.211644869819E2,1.781644305842E0
2.457617272585E2,7.437124814960E0,2.553815629771E2,1.916865314370E0,2.033765263870E2,1.011598479287E2,2.211631727569E2,1.798262370601E0
2.455554574059E2,7.506543950414E0,2.553802487521E2,1.934744636198E0,2.033752121620E2,1.021034037768E2,2.210593807181E2,1.815041517316E0
2.455541431809E2,7.576560301642E0,2.551739788995E2,1.952803806013E0,2.031689423094E2,1.030564508472E2,2.209555886793E2,1.831977226148E0
2.455528289559E2,7.647229721643E0,2.551726646745E2,1.971018339634E0,2.031676280844E2,1.040176970220E2,2.209542744543E2,1.849064764935E0
2.454834152259E2,7.706641377578E0,2.551713504495E2,1.989402767043E0,2.031663138594E2,1.049879091006E2,2.209529602293E2,1.866311685606E0
2.453452448783E2,7.790604375766E0,2.549650805970E2,2.007972123292E0,2.031649996344E2,1.059671707111E2,2.209516460043E2,1.883719474776E0
2.453439306533E2,7.863270265136E0,2.549637663719E2,2.026701232503E0,2.030612075956E2,1.069559244844E2,2.208478539655E2,1.901296000846E0
2.452745169233E2,7.924360349326E0,2.549624521469E2,2.045605035140E0,2.029574155568E2,1.079539040776E2,2.207440619267E2,1.919036529185E0
2.451363465758E2,8.010695371426E0,2.547561822944E2,2.064698991011E0,2.029561013318E2,1.089608306358E2,2.207427477017E2,1.936936102749E0
2.451350323507E2,8.085414132073E0,2.547548680694E2,2.083957212996E0,2.029547871068E2,1.099771491758E2,2.207414334767E2,1.955002632349E0
2.450656186207E2,8.148230061499E0,2.547535538443E2,2.103395063641E0,2.028509950680E2,1.110033190782E2,2.207401192516E2,1.973237675249E0
2.449274482732E2,8.237004119142E0,2.547522396193E2,2.123014218411E0,2.027472030292E2,1.120390639212E2,2.207388050266E2,1.991642803233E0
2.449261340482E2,8.313833746370E0,2.545459697668E2,2.142830722136E0,2.027458888042E2,1.130840942977E2,2.205325351741E2,2.010233068285E0
2.449248198231E2,8.391379992351E0,2.545446555418E2,2.162817708085E0,2.027445745792E2,1.141388720645E2,2.205312209491E2,2.028983266178E0
2.447185499706E2,8.469706275535E0,2.545433413167E2,2.182991120149E0,2.026407825404E2,1.152038739862E2,2.205299067240E2,2.047908354199E0
2.447172357456E2,8.548706403065E0,2.543370714642E2,2.203367456440E0,2.025369905016E2,1.162788131805E2,2.205285924990E2,2.067009963616E0
2.447159215206E2,8.628443394418E0,2.543357572392E2,2.223919091218E0,2.025356762766E2,1.173633892887E2,2.205272782740E2,2.086289740910E0
2.445096516680E2,8.708982459670E0,2.543344430142E2,2.244662418803E0,2.025343620516E2,1.184580816452E2,2.204234862352E2,2.105756400628E0
2.445083374430E2,8.790214405925E0,2.541281731616E2,2.265614403391E0,2.024305700128E2,1.195633850558E2,2.203196941964E2,2.125404698991E0
2.445070232180E2,8.872204033014E0,2.541268589366E2,2.286746638793E0,2.023267779740E2,1.206790017825E2,2.203183799714E2,2.145229145886E0
2.443007533655E2,8.955018393249E0,2.541255447116E2,2.308075982482E0,2.023254637490E2,1.218046201004E2,2.203170657464E2,2.165238502833E0
2.442994391404E2,9.038545208948E0,2.539192748591E2,2.329619877906E0,2.023241495240E2,1.229407374826E2,2.203157515214E2,2.185434494558E0
2.442981249154E2,9.122851110589E0,2.539179606340E2,2.351349116378E0,2.022203574852E2,1.240878674594E2,2.202119594826E2,2.205826249744E0
2.440918550629E2,9.208005044768E0,2.539166464090E2,2.373281031608E0,2.021165654464E2,1.252457010257E2,2.201081674438E2,2.226408275414E0
2.440905408379E2,9.293891561864E0,2.537103765565E2,2.395433559837E0,2.021152512214E2,1.264139146605E2,2.201068532188E2,2.247174820554E0
2.440892266128E2,9.380579174722E0,2.537090623315E2,2.417776667208E0,2.021139369964E2,1.275930246621E2,2.201055389938E2,2.268135063050E0
2.438829567603E2,9.468138777737E0,2.537077481064E2,2.440328177123E0,2.020101449576E2,1.287835639936E2,2.201042247688E2,2.289290809590E0
2.438816425353E2,9.556451659740E0,2.537064338814E2,2.463090033430E0,2.019063529188E2,1.299852119567E2,2.201029105438E2,2.310643883714E0
2.438803283103E2,9.645588269121E0,2.535001640289E2,2.486080851108E0,2.019050386938E2,1.311976327878E2,2.198966406912E2,2.332211748277E0
2.436740584577E2,9.735621503098E0,2.534988498039E2,2.509269459767E0,2.019037244688E2,1.324213623227E2,2.198953264662E2,2.353965162097E0
2.436727442327E2,9.826429296817E0,2.534975355788E2,2.532674357279E0,2.017999324300E2,1.336569536930E2,2.198940122412E2,2.375921478167E0
2.436714300077E2,9.918084088891E0,2.532912657263E2,2.556314684508E0,2.016961403913E2,1.349040740645E2,2.198926980162E2,2.398082589033E0
2.436020162777E2,9.995138109872E0,2.532899515013E2,2.580158390477E0,2.016948261662E2,1.361623749675E2,2.198913837911E2,2.420450404893E0
2.434638459301E2,1.010403402469E1,2.532886372763E2,2.604224495636E0,2.016935119412E2,1.374324125152E2,2.196851139386E2,2.443043218473E0
2.434625317051E2,1.019827814020E1,2.530823674237E2,2.628532681597E0,2.015897199024E2,1.387147607702E2,2.196837997136E2,2.465830398990E0
2.433931179751E2,1.027750900079E1,2.530810531987E2,2.653049991916E0,2.014859278637E2,1.400090743034E2,2.196824854886E2,2.488830124086E0
2.432549476276E2,1.038948131497E1,2.530797389737E2,2.677795984384E0,2.014846136386E2,1.413149914587E2,2.196811712635E2,2.512044376247E0
2.432536334025E2,1.048638790443E1,2.528734691212E2,2.702790896636E0,2.014832994136E2,1.426330893931E2,2.196798570385E2,2.535475156445E0
2.431842196725E2,1.056785710214E1,2.528721548961E2,2.728000841181E0,2.012770295611E2,1.439644460664E2,2.195760649998E2,2.559133055502E0
2.430460493250E2,1.068299272650E1,2.528708406711E2,2.753445928336E0,2.012757153361E2,1.453072564579E2,2.194722729610E2,2.583011700634E0
2.430447351000E2,1.078263700699E1,2.526645708186E2,2.779146967463E0,2.012744011110E2,1.466625917455E2,2.194709587360E2,2.607104419688E0
2.430434208749E2,1.088321070707E1,2.526632565936E2,2.805069113723E0,2.011706090723E2,1.480310645472E2,2.194696445109E2,2.631421860569E0
2.428371510224E2,1.098479607736E1,2.526619423685E2,2.831233045565E0,2.010668170335E2,1.494123062342E2,2.194683302859E2,2.655966119344E0
2.428358367974E2,1.108725539091E1,2.525925286385E2,2.853229016616E0,2.010655028085E2,1.508059308610E2,2.194670160609E2,2.680739311627E0
2.428345225724E2,1.119067038092E1,2.524543582910E2,2.884314628495E0,2.010641885834E2,1.522125543474E2,2.192607462084E2,2.705761697296E0
2.426282527198E2,1.129512562166E1,2.524530440660E2,2.911217712979E0,2.009603965447E2,1.536328124939E2,2.192594319833E2,2.730999351613E0
2.426269384948E2,1.140047949529E1,2.524517298410E2,2.938371732624E0,2.008566045059E2,1.550663227220E2,2.192581177583E2,2.756472407000E0
2.426256242698E2,1.150681604401E1,2.522454599884E2,2.965798894383E0,2.008552902809E2,1.565126844814E2,2.192568035333E2,2.782183059129E0
2.424193544173E2,1.161422223141E1,2.522441457634E2,2.993462013181E0,2.008539760559E2,1.579725369995E2,2.192554893083E2,2.808133524154E0
2.424180401922E2,1.172255243881E1,2.522428315384E2,3.021383156265E0,2.006466840283E2,1.606026086367E2,2.190492194557E2,2.834345024746E0
2.424167259672E2,1.183189308269E1,2.520355395108E2,3.071685913284E0,2.006450777533E2,1.624353913916E2,2.190479052307E2,2.860782023992E0
2.422104561147E2,1.194233358342E1,2.520339332358E2,3.106739721052E0,2.004377857257E2,1.651397647206E2,2.190465910057E2,2.887465611046E0
2.422091418897E2,1.205372420848E1,2.518266412082E2,3.158463572423E0,2.004361794507E2,1.670243250991E2,2.190452767807E2,2.914398085927E0
2.422078276646E2,1.216615381569E1,2.518250349332E2,3.194507679157E0,2.003323874119E2,1.685827882587E2,2.190439625557E2,2.941581770103E0
2.420015578121E2,1.227971435161E1,2.516177429057E2,3.247692771967E0,2.002275731981E2,1.713889350604E2,2.189401705169E2,2.969028950727E0
2.420002435871E2,1.239425185364E1,2.516161366306E2,3.284755154429E0,2.002259669231E2,1.733448104177E2,2.188363784781E2,2.996732234286E0
2.419989293621E2,1.250985768993E1,2.514088446031E2,3.339442769953E0,2.000186748956E2,1.762308137572E2,2.188350642531E2,3.024683879949E0
2.417926595095E2,1.262662640460E1,2.514072383281E2,3.377552195270E0,,,2.188337500281E2,3.052896241096E0
2.417913452845E2,1.274439968549E1,2.511999463005E2,3.433784781014E0,,,2.188324358031E2,3.081371749518E0
2.417900310595E2,1.286327148195E1,2.511983400255E2,3.472970829011E0,,,2.188311215780E2,3.110112859689E0
2.415837612070E2,1.298333900906E1,2.509910479979E2,3.530792031657E0,,,2.186248517255E2,3.139143076507E0
2.415824469819E2,1.310443948222E1,2.509894417229E2,3.571085117812E0,,,2.186235375005E2,3.168423041516E0
2.415811327569E2,1.322666950492E1,2.507821496954E2,3.630539817096E0,,,2.186222232755E2,3.197976111741E0
2.413748629044E2,1.335012903865E1,2.507805434203E2,3.671971216151E0,,,2.186209090504E2,3.227804834538E0
2.413735486794E2,1.347465070001E1,2.505732513928E2,3.733105559700E0,,,2.186195948254E2,3.257911781022E0
2.413722344543E2,1.360033382160E1,2.505716451178E2,3.775707429931E0,,,2.184133249729E2,3.288321573092E0
2.412684424156E2,1.372723521280E1,2.504842390959E2,3.829654780078E0,,,2.184120107479E2,3.318992981897E0
2.411646503768E2,1.385532068987E1,2.503627468152E2,3.882374277263E0,,,2.184106965228E2,3.349950474437E0
2.411633361518E2,1.398455446326E1,2.502753407933E2,3.937845684522E0,,,2.184093822978E2,3.381196719122E0
2.410595441130E2,1.411504092336E1,2.501538485126E2,3.992054550962E0,,,2.184080680728E2,3.412734409253E0
2.409557520742E2,1.424674492074E1,2.500664424907E2,4.049093071203E0,,,2.182017982203E2,3.444589336811E0
2.409544378492E2,1.437962965476E1,,,,,2.182004839952E2,3.476718313666E0
2.408506458104E2,1.451380246493E1,,,,,2.181991697702E2,3.509146969541E0
2.407468537716E2,1.464922720880E1,,,,,2.181978555452E2,3.541878099653E0
2.407455395466E2,1.478586604610E1,,,,,2.181965413202E2,3.574914525293E0
2.406417475078E2,1.492382934876E1,,,,,2.181952270952E2,3.608259094068E0
2.405379554691E2,1.506307995328E1,,,,,2.179889572426E2,3.641939075652E0
2.405366412440E2,1.520357895036E1,,,,,2.179876430176E2,3.675908807549E0
2.404328492053E2,1.534543983005E1,,,,,2.179863287926E2,3.710195387879E0
2.403290571665E2,1.548862437894E1,,,,,2.179850145676E2,3.744801772005E0
2.403277429415E2,1.563309258851E1,,,,,2.179837003426E2,3.779730942857E0
2.402239509027E2,1.577896115499E1,,,,,2.177774304900E2,3.815011466020E0
2.401201588639E2,1.592619078542E1,,,,,2.177761162650E2,3.850595509024E0
2.401188446389E2,1.607474034099E1,,,,,2.177748020400E2,3.886511457746E0
2.400150526001E2,1.622472981472E1,,,,,2.177734878150E2,3.922762407994E0
2.399112605613E2,1.637611880357E1,,,,,2.177721735899E2,3.959351484453E0
2.399099463363E2,1.652886500655E1,,,,,2.175659037374E2,3.996308610203E0
2.399086321113E2,1.668303593066E1,,,,,2.175645895124E2,4.033583679679E0
2.397023622588E2,1.683875765914E1,,,,,2.175632752874E2,4.071206427709E0
2.397010480337E2,1.699581906826E1,,,,,2.175619610623E2,4.109180097223E0
2.396997338087E2,1.715434544807E1,,,,,2.175606468373E2,4.147507961398E0
2.395959417699E2,1.731440845321E1,,,,,2.174912331073E2,4.179730128765E0
2.394921497312E2,1.747596496714E1,,,,,2.173530627598E2,4.225267822299E0
2.394908355061E2,1.763896984785E1,,,,,2.173517485348E2,4.264678480231E0
2.393870434674E2,1.780355476484E1,,,,,2.173504343097E2,4.304456736153E0
2.392832514286E2,1.796967538346E1,,,,,2.173491200847E2,4.344606018789E0
2.392819372036E2,1.813728528642E1,,,,,2.173478058597E2,4.385129788845E0
2.391781451648E2,1.830651986298E1,,,,,2.171415360072E2,4.426061187251E0
2.390743531260E2,1.847733352602E1,,,,,2.171402217821E2,4.467344720218E0
2.390730389010E2,1.864967854691E1,,,,,2.171389075571E2,4.509013320183E0
2.389692468622E2,1.882369413977E1,,,,,2.171375933321E2,4.551070578811E0
2.388654548234E2,1.899933342959E1,,,,,2.171362791071E2,4.593520121266E0
2.388641405984E2,1.917654733939E1,,,,,2.169300092545E2,4.636396663403E0
2.387603485596E2,1.935547901619E1,,,,,2.169286950295E2,4.679642074256E0
2.386565565209E2,1.953608026074E1,,,,,2.169273808045E2,4.723290851278E0
2.386552422958E2,1.971830060957E1,,,,,2.169260665795E2,4.767346756816E0
2.385514502571E2,1.990228725374E1,,,,,2.169247523545E2,4.811813588311E0
2.384476582183E2,2.008799063232E1,,,,,2.169234381294E2,4.856695178624E0
2.384463439933E2,2.027535885622E1,,,,,2.167171682769E2,4.902028232573E0
2.383425519545E2,2.046454327475E1,,,,,2.167158540519E2,4.947751288713E0
2.382387599157E2,2.065549292686E1,,,,,2.167145398269E2,4.993900820950E0
2.382374456907E2,2.084815445754E1,,,,,2.167132256019E2,5.040480807184E0
2.381336536519E2,2.104268349184E1,,,,,2.167119113768E2,5.087495262423E0
2.380298616131E2,2.123902762903E1,,,,,2.165056415243E2,5.134982635774E0
2.380285473881E2,2.143713200676E1,,,,,2.165043272993E2,5.182878545017E0
2.379247553493E2,2.163715664665E1,,,,,2.165030130743E2,5.231221197373E0
2.378209633106E2,2.183904766756E1,,,,,2.165016988492E2,5.280014759780E0
2.378196490855E2,2.204274865727E1,,,,,2.165003846242E2,5.329263438047E0
2.377158570468E2,2.224842415812E1,,,,,2.164990703992E2,5.378971477211E0
2.377145428217E2,2.245594355592E1,,,,,2.162928005467E2,5.429179529230E0
2.376107507830E2,2.266547447738E1,,,,,2.162914863216E2,5.479819523255E0
2.375069587442E2,2.287696048068E1,,,,,2.162901720966E2,5.530931855501E0
2.375056445192E2,2.309034247253E1,,,,,2.162888578716E2,5.582520931642E0
2.374018524804E2,2.330579281525E1,,,,,2.162875436466E2,5.634591198449E0
2.372980604416E2,2.352325347247E1,,,,,2.160812737940E2,5.687185239743E0
2.372967462166E2,2.374266368149E1,,,,,2.160799595690E2,5.740231749812E0
2.371929541778E2,2.396420067399E1,,,,,2.160786453440E2,5.793773044579E0
2.370891621390E2,2.418780477404E1,,,,,2.160773311190E2,5.847813739086E0
2.370878479140E2,2.441341350233E1,,,,,2.160760168940E2,5.902358491422E0
2.369840558752E2,2.464120909749E1,,,,,2.159722248552E2,5.957431956069E0
2.368802638365E2,2.487113019769E1,,,,,2.158684328164E2,6.013019297756E0
2.368789496114E2,2.510311255853E1,,,,,2.158671185914E2,6.069104984309E0
2.367751575727E2,2.533734356704E1,,,,,2.158658043664E2,6.125713803098E0
2.366713655339E2,2.557376012784E1,,,,,2.158644901414E2,6.182850633575E0
2.366700513089E2,2.581229618161E1,,,,,2.158631759163E2,6.240520400703E0
2.365662592701E2,2.605314440919E1,,,,,2.156569060638E2,6.298770267658E0
2.364624672313E2,2.629623993273E1,,,,,2.156555918388E2,6.357521260696E0
2.364611530063E2,2.654151482664E1,,,,,2.156542776138E2,6.416820246284E0
2.363573609675E2,2.678916721519E1,,,,,2.156529633887E2,6.476672335755E0
2.362535689287E2,2.703913038766E1,,,,,2.156516491637E2,6.537082688115E0
2.362522547037E2,2.729133449952E1,,,,,2.155478571249E2,6.598078609126E0
2.361484626649E2,2.754598327219E1,,,,,2.154440650862E2,6.659643668169E0
2.360446706262E2,2.780300811034E1,,,,,2.154427508611E2,6.721760662782E0
2.360433564011E2,2.806233719625E1,,,,,2.154414366361E2,6.784457045904E0
2.360420421761E2,2.832408514183E1,,,,,2.154401224111E2,6.847738221710E0
2.358357723236E2,2.858846600836E1,,,,,2.153363303723E2,6.911632793586E0
2.358344580986E2,2.885512135473E1,,,,,2.152325383336E2,6.976123550097E0
2.358331438735E2,2.912426389554E1,,,,,2.152312241085E2,7.041192471284E0
2.356268740210E2,2.939611373949E1,,,,,2.152299098835E2,7.106868314707E0
2.356255597960E2,2.967030231921E1,,,,,2.152285956585E2,7.173156741358E0
2.355217677572E2,2.994714865923E1,,,,,2.152272814335E2,7.240063465030E0
2.354179757184E2,3.022657818479E1,,,,,2.151234893947E2,7.307618727873E0
2.354166614934E2,3.050851281791E1,,,,,2.150196973559E2,7.375804332365E0
2.353128694546E2,3.079318029525E1,,,,,2.150183831309E2,7.444601226134E0
2.352090774159E2,3.108050393525E1,,,,,2.150170689059E2,7.514039814338E0
2.352077631908E2,3.137040345416E1,,,,,2.150157546809E2,7.584126082301E0
2.351039711521E2,3.166311302240E1,,,,,2.149119626421E2,7.654891709343E0
2.350001791133E2,3.195855379208E1,,,,,2.148081706033E2,7.726317633157E0
2.349988648883E2,3.225664321137E1,,,,,2.148068563783E2,7.798383895965E0
2.348950728495E2,3.255762206620E1,,,,,2.148055421533E2,7.871122347839E0
2.347912808107E2,3.286140928117E1,,,,,2.148042279282E2,7.944539258538E0
2.347899665857E2,3.316791997228E1,,,,,2.147004358895E2,8.018667812849E0
2.346861745469E2,3.347740172786E1,,,,,2.145956216757E2,8.152142643044E0
2.345823825081E2,3.378977118207E1,,,,,2.145940154006E2,8.245174173342E0
2.345810682831E2,3.410494105288E1,,,,,2.145927011756E2,8.322080005730E0
2.344772762443E2,3.442316592317E1,,,,,2.145913869506E2,8.399703167665E0
2.343734842055E2,3.474436007196E1,,,,,2.144875949118E2,8.478078745177E0
2.343721699805E2,3.506843375142E1,,,,,2.143827806980E2,8.619200705496E0
2.342683779418E2,3.539564873662E1,,,,,2.143811744230E2,8.717562261064E0
2.341645859030E2,3.572591688489E1,,,,,2.143798601980E2,8.798874234345E0
2.340607938642E2,3.605926668453E1,,,,,2.142760681592E2,8.880974379530E0
2.340594796392E2,3.639560499120E1,,,,,2.141712539454E2,9.028802743909E0
2.339556876004E2,3.673520348690E1,,,,,2.141696476704E2,9.131838641685E0
2.338518955616E2,3.707797069318E1,,,,,2.141683334454E2,9.217014726169E0
2.337481035228E2,3.742393617649E1,,,,,2.140645414066E2,9.303016438097E0
2.337467892978E2,3.777300326742E1,,,,,2.140632271816E2,9.389789162098E0
2.336429972590E2,3.812545392982E1,,,,,2.139584129678E2,9.546087008976E0
2.335392052203E2,3.848119322323E1,,,,,2.139568066928E2,9.655026109001E0
2.335378909952E2,3.884012174722E1,,,,,2.139554924677E2,9.745082159247E0
2.334340989565E2,3.920252943138E1,,,,,2.138517004290E2,9.836011139342E0
2.333303069177E2,3.956831865307E1,,,,,2.137468862152E2,9.999736579435E0
2.332265148789E2,3.993752096459E1,,,,,2.137452799402E2,1.011385268821E1
2.332252006539E2,4.031003320372E1,,,,,2.137439657151E2,1.020818838607E1
2.331214086151E2,4.068615627245E1,,,,,2.136401736764E2,1.030343849719E1
2.330176165763E2,4.106578885362E1,,,,,2.135353594626E2,1.047494450491E1
2.329138245376E2,4.144896369363E1,,,,,2.135337531875E2,1.059448364447E1
2.328100324988E2,4.183571384443E1,,,,,2.135324389625E2,1.069330236755E1
2.328087182738E2,4.222593124058E1,,,,,2.134286469237E2,1.079307895868E1
2.327049262350E2,4.261993108569E1,,,,,2.134273326987E2,1.089375005475E1
2.326011341962E2,4.301760724706E1,,,,,2.133225184849E2,1.107508210051E1
2.324973421574E2,4.341899402751E1,,,,,2.133209122099E2,1.120146995719E1
2.324960279324E2,4.382397927184E1,,,,,2.133195979849E2,1.130595026930E1
2.323922358936E2,4.423289011258E1,,,,,2.132158059461E2,1.141144332828E1
2.322884438549E2,4.464561640045E1,,,,,2.131109917323E2,1.160139264356E1
2.321846518161E2,4.506219373645E1,,,,,2.131093854573E2,1.173378670957E1
2.321833375911E2,4.548250572085E1,,,,,2.131080712323E2,1.184323213971E1
2.320795455523E2,4.590689186658E1,,,,,2.130042791935E2,1.195373844452E1
2.319757535135E2,4.633523785572E1,,,,,2.128994649797E2,1.215271453959E1
2.318719614747E2,4.676758063661E1,,,,,2.128978587047E2,1.229140024228E1
2.317681694359E2,4.720395750232E1,,,,,2.128965444797E2,1.240604674301E1
2.317668552109E2,4.764424652077E1,,,,,2.127927524409E2,1.252180453334E1
2.316630631721E2,4.808880334161E1,,,,,2.127914382159E2,1.263860010131E1
2.315592711334E2,4.853750821350E1,,,,,2.126866240021E2,1.284897606922E1
2.314554790946E2,4.899039984089E1,,,,,2.126850177270E2,1.299560744686E1
2.313516870558E2,4.944751728939E1,,,,,2.126837035020E2,1.311682235234E1
2.313503728308E2,4.990873283156E1,,,,,2.125799114632E2,1.323921221618E1
2.312465807920E2,5.037441902076E1,,,,,2.124750972495E2,1.345958568017E1
2.311427887532E2,5.084445041399E1,,,,,2.124734909744E2,1.361318528064E1
2.310389967145E2,5.131886755528E1,,,,,2.124721767494E2,1.374016056624E1
2.309352046757E2,5.179771136697E1,,,,,2.123683847106E2,1.386836664662E1
2.309338904507E2,5.228084805090E1,,,,,2.122635704968E2,1.409921270814E1
2.308300984119E2,5.276866786750E1,,,,,2.122619642218E2,1.426011167565E1
2.307263063731E2,5.326103941161E1,,,,,2.122606499968E2,1.439312108641E1
2.306225143343E2,5.375800515426E1,,,,,2.121568579580E2,1.452741978183E1
2.305187222955E2,5.425960796281E1,,,,,2.121555437330E2,1.466292247556E1
2.305174080705E2,5.476570767977E1,,,,,2.120507295192E2,1.490699432555E1
2.304136160318E2,5.527671311432E1,,,,,2.120491232442E2,1.507711162538E1
2.303098239930E2,5.579248661570E1,,,,,2.120478090192E2,1.521774150114E1
2.302060319542E2,5.631307267357E1,,,,,2.119440169804E2,1.535973452813E1
2.301022399154E2,5.683851619272E1,,,,,2.118392027666E2,1.561540517141E1
2.301009256904E2,5.736867035413E1,,,,,2.118375964916E2,1.579360679311E1
2.298946558379E2,5.790415733293E1,,,,,2.118362822665E2,1.594091968806E1
2.298933416128E2,5.844425112898E1,,,,,2.117324902278E2,1.608966051398E1
2.297895495741E2,5.898958015348E1,,,,,2.116276760140E2,1.635748114891E1
2.296857575353E2,5.953999750984E1,,,,,2.116260697390E2,1.654415127599E1
2.295819654965E2,6.009555067604E1,,,,,2.116247555139E2,1.669846478087E1
2.294781734577E2,6.065628757306E1,,,,,2.116234412889E2,1.685421762569E1
2.294768592327E2,6.122205152022E1,,,,,2.115196492501E2,1.701148021147E1
2.293730671939E2,6.179329952133E1,,,,,2.114148350363E2,1.729464500712E1
2.292692751552E2,6.236987769792E1,,,,,2.114132287613E2,1.749200996520E1
2.291654831164E2,6.295183578458E1,,,,,2.114119145363E2,1.765516450363E1
2.290616910776E2,6.353922397992E1,,,,,2.113081224975E2,1.781990052899E1
2.290603768526E2,6.413187815638E1,,,,,2.112033082837E2,1.811652189462E1
2.288541070000E2,6.473049383750E1,,,,,2.112017020087E2,1.832326603899E1
2.288527927750E2,6.533425943478E1,,,,,2.112003877837E2,1.849417401463E1
2.287490007362E2,6.594387744298E1,,,,,2.110965957449E2,1.866673863270E1
2.286452086975E2,6.655918364783E1,,,,,2.109917815311E2,1.897745605204E1
2.285414166587E2,6.718023112451E1,,,,,2.109901752561E2,1.919402510081E1
2.284376246199E2,6.780707344343E1,,,,,2.109888610311E2,1.937305497286E1
2.284363103949E2,6.843953545276E1,,,,,2.109875468060E2,1.955375472368E1
2.282300405424E2,6.907835939349E1,,,,,2.107802547785E2,1.987930356069E1
2.282287263173E2,6.972267916375E1,,,,,2.107786485035E2,2.010616441341E1
2.280224564648E2,7.037348014256E1,,,,,2.107773342785E2,2.029370215098E1
2.280211422398E2,7.102987998986E1,,,,,2.107760200534E2,2.048298912337E1
2.279173502010E2,7.169264244155E1,,,,,2.106722280147E2,2.067411088919E1
2.278135581622E2,7.236158896770E1,,,,,2.105674138009E2,2.101824204723E1
2.278122439372E2,7.303653265179E1,,,,,2.105658075258E2,2.125810036515E1
2.276059740847E2,7.371826559017E1,,,,,2.105644933008E2,2.145638264145E1
2.276046598596E2,7.440586350602E1,,,,,2.104607012620E2,2.165658690430E1
2.273983900071E2,7.510037796501E1,,,,,2.103558870482E2,2.201707187850E1
2.273970757821E2,7.580086736143E1,,,,,2.103542807732E2,2.226832875406E1
2.272932837433E2,7.650814673033E1,,,,,2.103529665482E2,2.247603380949E1
2.271894917045E2,7.722202555017E1,,,,,2.103516523232E2,2.268567620788E1
2.270856996658E2,7.794256539883E1,,,,,2.101443602956E2,2.306336814535E1
2.269819076270E2,7.866982842872E1,,,,,2.101427540206E2,2.332656526129E1
2.269805934020E2,7.940361142856E1,,,,,2.101414397956E2,2.354414088558E1
2.267743235494E2,8.014477554701E1,,,,,2.101401255706E2,2.376374591934E1
2.267730093244E2,8.089231593190E1,,,,,2.100363335318E2,2.398547962505E1
2.265667394719E2,8.164737582084E1,,,,,2.099315193180E2,2.438473021067E1
2.265654252468E2,8.240893152213E1,,,,,2.099299130430E2,2.466300659354E1
2.263591553943E2,8.317814770745E1,,,,,2.099285988180E2,2.489304770746E1
2.263578411693E2,8.395398149234E1,,,,,2.098248067792E2,2.512531865218E1
2.262540491305E2,8.473733557671E1,,,,,2.097199925654E2,2.554354244184E1
2.261502570917E2,8.552799894661E1,,,,,2.097183862904E2,2.583504308733E1
2.261489428667E2,8.632575067546E1,,,,,2.097170720653E2,2.607601622527E1
2.259426730142E2,8.713152698396E1,,,,,2.097157578403E2,2.631923701006E1
2.259413587892E2,8.794423542032E1,,,,,2.095084658128E2,2.675742379928E1
2.257350889366E2,8.876511888577E1,,,,,2.095068595377E2,2.706277715138E1
2.257337747116E2,8.959306444658E1,,,,,2.095055453127E2,2.731520182548E1
2.255275048591E2,9.042933830661E1,,,,,2.095042310877E2,2.756998095919E1
2.255261906341E2,9.127280666623E1,,,,,2.092969390602E2,2.802899128046E1
2.253199207815E2,9.212475946881E1,,,,,2.092953327851E2,2.834885564811E1
2.253186065565E2,9.298404165758E1,,,,,2.092940185601E2,2.861327605877E1
2.252148145177E2,9.385165302656E1,,,,,2.092927043351E2,2.888016281779E1
2.251110224789E2,9.472735986520E1,,,,,2.091889122963E2,2.914963655922E1
2.251097082539E2,9.561091748414E1,,,,,2.090840980825E2,2.963484718033E1
2.249034384014E2,9.650336280364E1,,,,,2.090824918075E2,2.997303743338E1
2.249021241764E2,9.740348586819E1,,,,,2.090811775825E2,3.025260719680E1
2.246958543238E2,9.831266326502E1,,,,,2.090798633575E2,3.053478461228E1
2.246945400988E2,9.922966235367E1,,,,,2.088725713299E2,3.104315570311E1
2.244882702463E2,1.001558855304E2,,,,,2.088709650549E2,3.139741744838E1
2.244869560213E2,1.010900770445E2,,,,,2.088696508299E2,3.169027293850E1
2.242806861687E2,1.020336655853E2,,,,,2.088683366048E2,3.198586000164E1
2.242793719437E2,1.029853718584E2,,,,,2.086610445773E2,3.251838992601E1
2.240731020912E2,1.039466513389E2,,,,,2.086594383023E2,3.288948691365E1
2.240717878661E2,1.049162007477E2,,,,,2.086581240773E2,3.319625949537E1
2.238655180136E2,1.058955028479E2,,,,,2.086568098522E2,3.350589346004E1
2.238642037886E2,1.068832299258E2,,,,,2.084495178247E2,3.406373029511E1
2.236579339360E2,1.078808925441E2,,,,,2.084479115497E2,3.445246257027E1
2.236566197110E2,1.088871380964E2,,,,,2.084465973246E2,3.477381361223E1
2.234503498585E2,1.099035054665E2,,,,,2.084452830996E2,3.509816201591E1
2.234490356335E2,1.109286166882E2,,,,,2.084439688746E2,3.542553573881E1
2.234477214085E2,1.119632895068E2,,,,,2.082366768470E2,3.601533253862E1
2.232404293809E2,1.138273570070E2,,,,,2.082350705720E2,3.642633632584E1
2.231370024046E2,1.145935422672E2,,,,,2.082337563470E2,3.676609842875E1
2.230328453033E2,1.159614576597E2,,,,,2.082324421220E2,3.710902962024E1
2.229294183271E2,1.167420078012E2,,,,,2.080251500944E2,3.772685476974E1
2.228252612258E2,1.181355696570E2,,,,,2.080235438194E2,3.815739029718E1
2.227218342495E2,1.189307540007E2,,,,,2.080222295944E2,3.851329858982E1
2.226176771482E2,1.203504431544E2,,,,,2.080209153694E2,3.887252657261E1
2.225142501720E2,1.211605360708E2,,,,,2.078136233418E2,3.951971203628E1
2.224100930707E2,1.226068423720E2,,,,,2.078120170668E2,3.997070749216E1
2.223066660944E2,1.234321233756E2,,,,,2.078107028418E2,4.034352927447E1
2.222025089931E2,1.249055458578E2,,,,,2.078093886168E2,4.071982850540E1
2.220990820168E2,1.257462997036E2,,,,,2.076020965892E2,4.139776954539E1
2.219949249156E2,1.272473467566E2,,,,,2.076004903142E2,4.187019722734E1
2.218914979393E2,1.281038635383E2,,,,,2.075991760892E2,4.226073626294E1
2.217873408380E2,1.296330530834E2,,,,,2.075978618641E2,4.265491800262E1
2.216839138617E2,1.305056283335E2,,,,,2.073905698366E2,4.336507618680E1
2.215797567605E2,1.320634880024E2,,,,,2.073889635616E2,4.385995459802E1
2.214763297842E2,1.329524227943E2,,,,,2.073876493365E2,4.426905284700E1
2.213721726829E2,1.345394901108E2,,,,,2.073863351115E2,4.468196690880E1
2.212687457066E2,1.354450911627E2,,,,,2.073850208865E2,4.509873237495E1
2.211645886053E2,1.370619137286E2,,,,,2.071777288590E2,4.584957742148E1
2.210611616291E2,1.379844935090E2,,,,,2.071761225839E2,4.637280874088E1
2.209570045278E2,1.396316291928E2,,,,,2.071748083589E2,4.680534532305E1
2.208535775515E2,1.405715060287E2,,,,,2.071734941339E2,4.724191633618E1
2.207494204502E2,1.422495231582E2,,,,,2.069662021063E2,4.802844307433E1
2.206459934740E2,1.432070213447E2,,,,,2.069645958313E2,4.857653941571E1
2.205418363727E2,1.449164989029E2,,,,,2.069632816063E2,4.902963102053E1
2.204384093964E2,1.458919488153E2,,,,,2.069619673813E2,4.948694878072E1
2.203342522951E2,1.476334766404E2,,,,,2.067546753537E2,5.031085287742E1
2.202308253188E2,1.486272148478E2,,,,,2.067530690787E2,5.088499587746E1
2.201266682176E2,1.504013938366E2,,,,,2.068542326674E2,5.135944730529E1
2.200232412413E2,1.514137632186E2,,,,,,
2.199190841400E2,1.532212055339E2,,,,,,
2.198156571637E2,1.542525553984E2,,,,,,
2.197115000624E2,1.560938846801E2,,,,,,
2.196080730862E2,1.571445708841E2,,,,,,
2.195039159849E2,1.590204224645E2,,,,,,
2.194004890086E2,1.600908075369E2,,,,,,
2.192963319073E2,1.620018286599E2,,,,,,
2.191929049311E2,1.630922819262E2,,,,,,
2.190887478298E2,1.650391319706E2,,,,,,
2.189853208535E2,1.661500296809E2,,,,,,
2.188811637522E2,1.681333803879E2,,,,,,
2.187777367760E2,1.692651058464E2,,,,,,
2.186735796747E2,1.712856415514E2,,,,,,
2.185701526984E2,1.724385852487E2,,,,,,
2.184659955971E2,1.744970031173E2,,,,,,
2.183625686208E2,1.756715628650E2,,,,,,
2.181562987683E2,1.773113051474E2,,,,,,
2.181549845433E2,1.789651542023E2,,,,,,
2.179487146907E2,1.806356393145E2,,,,,,
2.179474004657E2,1.823204956812E2,,,,,,
2.177411306132E2,1.840223000075E2,,,,,,
2.177398163882E2,1.857387450289E2,,,,,,
2.175335465356E2,1.874724557600E2,,,,,,
2.175322323106E2,1.892210816782E2,,,,,,
2.173259624581E2,1.909872970137E2,,,,,,
2.173246482331E2,1.927687071748E2,,,,,,
2.171183783805E2,1.945680365295E2,,,,,,
2.171170641555E2,1.963828455913E2,,,,,,
2.169107943030E2,1.982159098060E2,,,,,,
2.169094800779E2,2.000647439502E2,,,,,,
2.167032102254E2,2.019321755054E2,,,,,,
2.167018960004E2,2.038156726538E2,,,,,,
2.164956261479E2,2.057181158882E2,,,,,,
2.162893562953E2,2.076383167867E2,,,,,,
2.162880420703E2,2.095750372552E2,,,,,,
2.160817722178E2,2.115312391829E2,,,,,,
2.160804579927E2,2.135042703989E2,,,,,,
2.158741881402E2,2.154971483235E2,,,,,,
2.158728739152E2,2.175071710618E2,,,,,,
2.156666040627E2,2.195374126062E2,,,,,,
2.156652898376E2,2.215851204049E2,,,,,,
2.154590199851E2,2.236534260836E2,,,,,,
2.154577057601E2,2.257395254840E2,,,,,,
2.152514359075E2,2.278466089453E2,,,,,,
2.150445089425E2,2.310433947467E2,,,,,,
2.150431947175E2,2.331984231569E2,,,,,,
2.148369248649E2,2.353751289844E2,,,,,,
2.146299978999E2,2.386775431561E2,,,,,,
2.146286836749E2,2.409037781322E2,,,,,,
2.144224138223E2,2.431524067920E2,,,,,,
2.144210995973E2,2.454203804998E2,,,,,,
2.142148297448E2,2.477111677410E2,,,,,,
2.142135155198E2,2.500216627222E2,,,,,,
2.140072456672E2,2.523553989581E2,,,,,,
2.138003187022E2,2.558960536118E2,,,,,,
2.135933917371E2,2.594863851713E2,,,,,,
2.135920775121E2,2.619067120226E2,,,,,,
2.133858076596E2,2.643513849265E2,,,,,,
2.133844934346E2,2.668170894554E2,,,,,,
2.131782235820E2,2.693075964907E2,,,,,,
2.129719537295E2,2.718213502578E2,,,,,,
2.129706395045E2,2.743567299554E2,,,,,,
2.127643696519E2,2.769176130215E2,,,,,,
2.127630554269E2,2.795005274736E2,,,,,,
2.125567855744E2,2.821094234460E2,,,,,,
2.123505157218E2,2.847426712086E2,,,,,,
2.122463586205E2,2.881416749845E2,,,,,,
2.121429316443E2,2.900811903174E2,,,,,,
2.119366617917E2,2.927888476372E2,,,,,,
2.118325046905E2,2.962838994833E2,,,,,,
2.117290777142E2,2.982782210821E2,,,,,,
2.115228078616E2,3.010623906029E2,,,,,,
2.113165380091E2,3.038725479411E2,,,,,,
2.111102681566E2,3.067089356703E2,,,,,,
2.110064761178E2,3.095707617946E2,,,,,,
2.108002062653E2,3.124603374277E2,,,,,,
2.105939364127E2,3.153768847531E2,,,,,,
2.103876665602E2,3.183206555283E2,,,,,,
2.101244645889E2,3.212925016888E2,,,,,,
2.098726490414E2,3.242919723652E2,,,,,,
2.096663791888E2,3.273189577818E2,,,,,,
2.094601093363E2,3.303741974924E2,,,,,,
2.092551537088E2,3.303764105169E2,,,,,,
2.090488838562E2,3.334601889074E2,,,,,,
2.088426140037E2,3.365727517053E2,,,,,,
2.086376583762E2,3.365750062511E2,,,,,,
2.084313885236E2,3.397166431781E2,,,,,,
2.082264328961E2,3.397189187833E2,,,,,,
2.080201630436E2,3.428899014179E2,,,,,,
2.078152074161E2,3.428921982793E2,,,,,,
2.076089375635E2,3.460928007367E2,,,,,,
2.074039819360E2,3.460951190529E2,,,,,,
2.071977120835E2,3.493256180087E2,,,,,,
2.069927564560E2,3.493279579801E2,,,,,,
2.067878008284E2,3.493302979671E2,,,,,,
2.065821880884E2,3.509580348720E2,,,,,,
2.063765753484E2,3.525933563679E2,,,,,,
2.061716197209E2,3.525957182283E2,,,,,,
2.059666640934E2,3.525980801046E2,,,,,,
2.057617084658E2,3.526004419966E2,,,,,,
2.055567528383E2,3.526028039045E2,,,,,,
2.053517972108E2,3.526051658282E2,,,,,,
2.051468415833E2,3.526075277677E2,,,,,,
2.049418859558E2,3.526098897230E2,,,,,,
2.047369303283E2,3.526122516942E2,,,,,,
2.045319747007E2,3.526146136811E2,,,,,,
2.043270190732E2,3.526169756839E2,,,,,,
2.041220634457E2,3.526193377026E2,,,,,,
2.039177649307E2,3.509885978802E2,,,,,,
2.035540564832E2,3.493672198368E2,,,,,,
2.033035551607E2,3.493700801444E2,,,,,,
2.029405038256E2,3.461456106792E2,,,,,,
2.025319067956E2,3.429514115733E2,,,,,,
2.021233097656E2,3.397866882360E2,,,,,,
2.019759433694E2,3.382146655660E2,,,,,,
2.017716448544E2,3.366505422617E2,,,,,,
2.015110713331E2,3.335423491322E2,,,,,,
2.013637049368E2,3.319992158890E2,,,,,,
2.011600635344E2,3.289333550094E2,,,,,,
2.009557650193E2,3.274121544864E2,,,,,,
2.006951914981E2,3.243892566106E2,,,,,,
2.005478251018E2,3.228884701380E2,,,,,,
2.003441836993E2,3.199067428275E2,,,,,,
